,NPS,Job Relevance,Content Clarity,Learning Effectiveness,Learner Engagement,Trainer Facilitation,Trainer Feedback Quality,Learning Environment,Overall Satisfaction,Content_Quality_Index,Trainer_Effectiveness_Index,Learning_Environment_Index
NPS,1.0,0.46098602840334146,0.4110126305225516,0.48461120789774986,0.46098602840334185,0.528889597502944,0.45647024642202744,0.289487192138886,0.49657574645061564,0.5321189632394016,0.5340919986026607,0.42511689796257945
Job Relevance,0.46098602840334146,1.0,0.4441487345842507,0.6530384757271924,0.5789014821272883,0.5481105661945216,0.5770669774570026,0.3977928922126626,0.6234274860651223,0.7916951523343585,0.6268174156106702,0.5534566330855939
Content Clarity,0.4110126305225516,0.4441487345842507,1.0,0.6064872646509603,0.5450773813987385,0.5417486802854274,0.44704290218893916,0.406357452870435,0.5473193833772216,0.8449689230167673,0.5646672997936172,0.5187188248185455
Learning Effectiveness,0.48461120789774986,0.6530384757271924,0.6064872646509603,1.0,0.7116608312287692,0.7452731363370466,0.7407301072898731,0.49588055134832854,0.708239998764759,0.8887615116715349,0.8100225733181147,0.6540181744898607
Learner Engagement,0.46098602840334185,0.5789014821272883,0.5450773813987385,0.7116608312287692,1.0,0.7033089502207577,0.708385399182201,0.5744678043402174,0.7208443336126646,0.7222267612765881,0.8812620887022395,0.7057465421894734
Trainer Facilitation,0.528889597502944,0.5481105661945216,0.5417486802854274,0.7452731363370466,0.7033089502207577,1.0,0.7707036285545412,0.547609727800659,0.7715921069435279,0.7238172603370103,0.917634401561581,0.7167568362622014
Trainer Feedback Quality,0.45647024642202744,0.5770669774570026,0.44704290218893916,0.7407301072898731,0.708385399182201,0.7707036285545412,1.0,0.5307655752638134,0.7604228931862641,0.6881197607022661,0.9145071503902819,0.7012571023028181
Learning Environment,0.289487192138886,0.3977928922126626,0.406357452870435,0.49588055134832854,0.5744678043402174,0.547609727800659,0.5307655752638134,1.0,0.6649517546512164,0.5135844563077887,0.6080026060865572,0.9211542349890331
Overall Satisfaction,0.49657574645061564,0.6234274860651223,0.5473193833772216,0.708239998764759,0.7208443336126646,0.7715921069435279,0.7604228931862641,0.6649517546512164,1.0,0.7365951439259549,0.8307351390426657,0.9032095845325148
Content_Quality_Index,0.5321189632394016,0.7916951523343585,0.8449689230167673,0.8887615116715349,0.7222267612765881,0.7238172603370103,0.6881197607022661,0.5135844563077887,0.7365951439259549,1.0,0.7858785405572345,0.678967447111637
Trainer_Effectiveness_Index,0.5340919986026607,0.6268174156106702,0.5646672997936172,0.8100225733181147,0.8812620887022395,0.917634401561581,0.9145071503902819,0.6080026060865572,0.8307351390426657,0.7858785405572345,1.0,0.782280789409887
Learning_Environment_Index,0.42511689796257945,0.5534566330855939,0.5187188248185455,0.6540181744898607,0.7057465421894734,0.7167568362622014,0.7012571023028181,0.9211542349890331,0.9032095845325148,0.678967447111637,0.782280789409887,1.0
