,NPS,Job Relevance,Content Clarity,Learning Effectiveness,Learner Engagement,Trainer Facilitation,Trainer Feedback Quality,Learning Environment,Overall Satisfaction
NPS,1.0,0.46098602840334146,0.4110126305225516,0.48461120789774986,0.46098602840334185,0.528889597502944,0.45647024642202744,0.289487192138886,0.49657574645061564
Job Relevance,0.46098602840334146,1.0,0.4441487345842507,0.6530384757271924,0.5789014821272883,0.5481105661945216,0.5770669774570026,0.3977928922126626,0.6234274860651223
Content Clarity,0.4110126305225516,0.4441487345842507,1.0,0.6064872646509603,0.5450773813987385,0.5417486802854274,0.44704290218893916,0.406357452870435,0.5473193833772216
Learning Effectiveness,0.48461120789774986,0.6530384757271924,0.6064872646509603,1.0,0.7116608312287692,0.7452731363370466,0.7407301072898731,0.49588055134832854,0.708239998764759
Learner Engagement,0.46098602840334185,0.5789014821272883,0.5450773813987385,0.7116608312287692,1.0,0.7033089502207577,0.708385399182201,0.5744678043402174,0.7208443336126646
Trainer Facilitation,0.528889597502944,0.5481105661945216,0.5417486802854274,0.7452731363370466,0.7033089502207577,1.0,0.7707036285545412,0.547609727800659,0.7715921069435279
Trainer Feedback Quality,0.45647024642202744,0.5770669774570026,0.44704290218893916,0.7407301072898731,0.708385399182201,0.7707036285545412,1.0,0.5307655752638134,0.7604228931862641
Learning Environment,0.289487192138886,0.3977928922126626,0.406357452870435,0.49588055134832854,0.5744678043402174,0.547609727800659,0.5307655752638134,1.0,0.6649517546512164
Overall Satisfaction,0.49657574645061564,0.6234274860651223,0.5473193833772216,0.708239998764759,0.7208443336126646,0.7715921069435279,0.7604228931862641,0.6649517546512164,1.0
